{"fx": 610.8843383789062, "fy": 610.9036254882812, "ppx": 324.9783630371094, "ppy": 237.28204345703125, "height": 480, "width": 640, "depth_scale": 0.0010000000474974513}